<!-- *************************************************************************** -->
<!-- REPORT INPUT DEFINITION FOR THE "CLASS ATTENDANCE POST VERIFICATION" REPORT -->
<!-- *************************************************************************** -->

<tool-input  context="com.x2dev.sis.model.beans.SisSchool"> 


 <input name="reportType" data-type="string" display-type="select" display-name="Report Type">
  <option value="School" display-name="School Level Report" />
  <option value="District" display-name="District Summary" />   
  <option value="SchoolType" display-name="School Type Summary" />   
 <disable input-name="queryBy" if-parent-equals = "SchoolType" />
 <disable input-name="queryBy" if-parent-equals = "District" />
 </input>

 <!-- ************** -->
 <!-- SELECT OPTIONS -->
 <!-- ************** -->

 <input name="queryBy" data-type="string" display-type="select" display-name="report.shared.query">
  <option value="##current" display-name="report.shared.query.currentSelection" context-dependent="true" />
  <option value="##all" display-name="report.shared.query.all" />  </input>

 <!-- **** -->
 <!-- DATE -->
 <!-- **** -->
 <input name="StartDate" data-type="date" display-type="date" display-name="report.shared.startDate" default-value="today"/>
 <input name="EndDate" data-type="date" display-type="date" display-name="End date" default-value="today"/>

 <!-- **************** -->
 <!-- GENDER BREAKDOWN -->
 <!-- **************** -->

 <input name="Detail" data-type="boolean" display-type="checkbox" display-name="Display Details (Disabled for District Summary)"/>

 <input name="PK" data-type="boolean" display-type="checkbox" display-name="Include PK"  />

 </tool-input>